USE cs6400_sp20_team001 ;



INSERT INTO Species (species_name, capacity) VALUES ('Cat', 30);
INSERT INTO Species (species_name, capacity) VALUES ('Dog', 15);


-- Inserting Breeds/ Cats --
INSERT INTO BreedName (breed_name, species_name) VALUES ('Abyssinian','Cat');
INSERT INTO BreedName (breed_name, species_name) VALUES ('Aegean Cat','Cat');
INSERT INTO BreedName (breed_name, species_name) VALUES ('American Bobtail','Cat');
INSERT INTO BreedName (breed_name, species_name) VALUES ('American Curl','Cat');
INSERT INTO BreedName (breed_name, species_name) VALUES ('American Shorthair','Cat');
INSERT INTO BreedName (breed_name, species_name) VALUES ('American Wirehair','Cat');
INSERT INTO BreedName (breed_name, species_name) VALUES ('Balinese','Cat');
INSERT INTO BreedName (breed_name, species_name) VALUES ('Bengal','Cat');
INSERT INTO BreedName (breed_name, species_name) VALUES ('Birman','Cat');
INSERT INTO BreedName (breed_name, species_name) VALUES ('Bombay','Cat');
INSERT INTO BreedName (breed_name, species_name) VALUES ('British Shorthair','Cat');
INSERT INTO BreedName (breed_name, species_name) VALUES ('Burmese','Cat');
INSERT INTO BreedName (breed_name, species_name) VALUES ('Burmilla','Cat');
INSERT INTO BreedName (breed_name, species_name) VALUES ('Chartreux','Cat');
INSERT INTO BreedName (breed_name, species_name) VALUES ('Cornish Rex','Cat');
INSERT INTO BreedName (breed_name, species_name) VALUES ('Cymric','Cat');
INSERT INTO BreedName (breed_name, species_name) VALUES ('Devon Rex','Cat');
INSERT INTO BreedName (breed_name, species_name) VALUES ('Egyptian Mau','Cat');
INSERT INTO BreedName (breed_name, species_name) VALUES ('Exotic Shorthair','Cat');
INSERT INTO BreedName (breed_name, species_name) VALUES ('Havana Brown','Cat');
INSERT INTO BreedName (breed_name, species_name) VALUES ('Himalayan','Cat');
INSERT INTO BreedName (breed_name, species_name) VALUES ('Japanese Bobtail','Cat');
INSERT INTO BreedName (breed_name, species_name) VALUES ('Javanese','Cat');
INSERT INTO BreedName (breed_name, species_name) VALUES ('Korat','Cat');
INSERT INTO BreedName (breed_name, species_name) VALUES ('Kurilian Bobtail','Cat');
INSERT INTO BreedName (breed_name, species_name) VALUES ('LaPerm','Cat');
INSERT INTO BreedName (breed_name, species_name) VALUES ('Li Hua','Cat');
INSERT INTO BreedName (breed_name, species_name) VALUES ('Maine Coon','Cat');
INSERT INTO BreedName (breed_name, species_name) VALUES ('Manx','Cat');
INSERT INTO BreedName (breed_name, species_name) VALUES ('Mixed','Cat');
INSERT INTO BreedName (breed_name, species_name) VALUES ('Munchkin','Cat');
INSERT INTO BreedName (breed_name, species_name) VALUES ('Norwegian Forest Cat','Cat');
INSERT INTO BreedName (breed_name, species_name) VALUES ('Ocicat','Cat');
INSERT INTO BreedName (breed_name, species_name) VALUES ('Oriental','Cat');
INSERT INTO BreedName (breed_name, species_name) VALUES ('Persian','Cat');
INSERT INTO BreedName (breed_name, species_name) VALUES ('Pixiebob','Cat');
INSERT INTO BreedName (breed_name, species_name) VALUES ('Ragamuffin','Cat');
INSERT INTO BreedName (breed_name, species_name) VALUES ('Ragdoll','Cat');
INSERT INTO BreedName (breed_name, species_name) VALUES ('Russian Blue','Cat');
INSERT INTO BreedName (breed_name, species_name) VALUES ('Savannah','Cat');
INSERT INTO BreedName (breed_name, species_name) VALUES ('Scottish Fold','Cat');
INSERT INTO BreedName (breed_name, species_name) VALUES ('Selkirk Rex','Cat');
INSERT INTO BreedName (breed_name, species_name) VALUES ('Siamese','Cat');
INSERT INTO BreedName (breed_name, species_name) VALUES ('Siberian','Cat');
INSERT INTO BreedName (breed_name, species_name) VALUES ('Singapura','Cat');
INSERT INTO BreedName (breed_name, species_name) VALUES ('Somali','Cat');
INSERT INTO BreedName (breed_name, species_name) VALUES ('Sphynx','Cat');
INSERT INTO BreedName (breed_name, species_name) VALUES ('Tonkinese','Cat');
INSERT INTO BreedName (breed_name, species_name) VALUES ('Toyger','Cat');
INSERT INTO BreedName (breed_name, species_name) VALUES ('Turkish Angora','Cat');
INSERT INTO BreedName (breed_name, species_name) VALUES ('Turkish Van','Cat');
INSERT INTO BreedName (breed_name, species_name) VALUES ('Unknown','Cat');

-- Inserting Breeds/Dogs --
INSERT INTO BreedName (breed_name, species_name) VALUES ('Affenpinscher','Dog');
INSERT INTO BreedName (breed_name, species_name) VALUES ('Afghan Hound','Dog');
INSERT INTO BreedName (breed_name, species_name) VALUES ('Airedale Terrier','Dog');
INSERT INTO BreedName (breed_name, species_name) VALUES ('Akbash Dog','Dog');
INSERT INTO BreedName (breed_name, species_name) VALUES ('Akita','Dog');
INSERT INTO BreedName (breed_name, species_name) VALUES ('Alapaha Blue Blood Bulldog','Dog');
INSERT INTO BreedName (breed_name, species_name) VALUES ('Alaskan Husky','Dog');
INSERT INTO BreedName (breed_name, species_name) VALUES ('Alaskan Malamute','Dog');
INSERT INTO BreedName (breed_name, species_name) VALUES ('American Bulldog','Dog');
INSERT INTO BreedName (breed_name, species_name) VALUES ('American Eskimo','Dog');
INSERT INTO BreedName (breed_name, species_name) VALUES ('American Foxhound','Dog');
INSERT INTO BreedName (breed_name, species_name) VALUES ('American Pit Bull Terrier','Dog');
INSERT INTO BreedName (breed_name, species_name) VALUES ('American Staffordshire Terrier','Dog');
INSERT INTO BreedName (breed_name, species_name) VALUES ('American Water Spaniel','Dog');
INSERT INTO BreedName (breed_name, species_name) VALUES ('Anatolian Shepherd Dog','Dog');
INSERT INTO BreedName (breed_name, species_name) VALUES ('Aussiedoodle','Dog');
INSERT INTO BreedName (breed_name, species_name) VALUES ('Australian Cattle Dog','Dog');
INSERT INTO BreedName (breed_name, species_name) VALUES ('Australian Kelpie','Dog');
INSERT INTO BreedName (breed_name, species_name) VALUES ('Australian Shepherd','Dog');
INSERT INTO BreedName (breed_name, species_name) VALUES ('Australian Terrier','Dog');
INSERT INTO BreedName (breed_name, species_name) VALUES ('Azawakh','Dog');
INSERT INTO BreedName (breed_name, species_name) VALUES ('Basador','Dog');
INSERT INTO BreedName (breed_name, species_name) VALUES ('Basenji','Dog');
INSERT INTO BreedName (breed_name, species_name) VALUES ('Basset Bleu de Gascogne','Dog');
INSERT INTO BreedName (breed_name, species_name) VALUES ('Basset Hound','Dog');
INSERT INTO BreedName (breed_name, species_name) VALUES ('Beagle','Dog');
INSERT INTO BreedName (breed_name, species_name) VALUES ('Bearded Collie','Dog');
INSERT INTO BreedName (breed_name, species_name) VALUES ('Beauceron','Dog');
INSERT INTO BreedName (breed_name, species_name) VALUES ('Bedlington Terrier','Dog');
INSERT INTO BreedName (breed_name, species_name) VALUES ('Belgian Laekenois','Dog');
INSERT INTO BreedName (breed_name, species_name) VALUES ('Belgian Malinois','Dog');
INSERT INTO BreedName (breed_name, species_name) VALUES ('Belgian Sheepdog','Dog');
INSERT INTO BreedName (breed_name, species_name) VALUES ('Belgian Tervuren','Dog');
INSERT INTO BreedName (breed_name, species_name) VALUES ('Bergamasco','Dog');
INSERT INTO BreedName (breed_name, species_name) VALUES ('Berger Picard','Dog');
INSERT INTO BreedName (breed_name, species_name) VALUES ('Bernese Mountain Dog','Dog');
INSERT INTO BreedName (breed_name, species_name) VALUES ('Bichon Frise','Dog');
INSERT INTO BreedName (breed_name, species_name) VALUES ('Black and Tan Coonhound','Dog');
INSERT INTO BreedName (breed_name, species_name) VALUES ('Black Russian Terrier','Dog');
INSERT INTO BreedName (breed_name, species_name) VALUES ('Bloodhound','Dog');
INSERT INTO BreedName (breed_name, species_name) VALUES ('Blue Picardy Spaniel','Dog');
INSERT INTO BreedName (breed_name, species_name) VALUES ('Bluetick Coonhound','Dog');
INSERT INTO BreedName (breed_name, species_name) VALUES ('Boerboel','Dog');
INSERT INTO BreedName (breed_name, species_name) VALUES ('Bolognese','Dog');
INSERT INTO BreedName (breed_name, species_name) VALUES ('Border Collie','Dog');
INSERT INTO BreedName (breed_name, species_name) VALUES ('Border Terrier','Dog');
INSERT INTO BreedName (breed_name, species_name) VALUES ('Borzoi','Dog');
INSERT INTO BreedName (breed_name, species_name) VALUES ('Boston Terrier','Dog');
INSERT INTO BreedName (breed_name, species_name) VALUES ('Bouvier des Flandres','Dog');
INSERT INTO BreedName (breed_name, species_name) VALUES ('Boxer','Dog');
INSERT INTO BreedName (breed_name, species_name) VALUES ('Boykin Spaniel','Dog');
INSERT INTO BreedName (breed_name, species_name) VALUES ('Bracco Italiano','Dog');
INSERT INTO BreedName (breed_name, species_name) VALUES ('Briard','Dog');
INSERT INTO BreedName (breed_name, species_name) VALUES ('Brittany','Dog');
INSERT INTO BreedName (breed_name, species_name) VALUES ('Brussels Griffon','Dog');
INSERT INTO BreedName (breed_name, species_name) VALUES ('Bull Terrier','Dog');
INSERT INTO BreedName (breed_name, species_name) VALUES ('Bulldog','Dog');
INSERT INTO BreedName (breed_name, species_name) VALUES ('Bullmastiff','Dog');
INSERT INTO BreedName (breed_name, species_name) VALUES ('Cairn Terrier','Dog');
INSERT INTO BreedName (breed_name, species_name) VALUES ('Canaan Dog','Dog');
INSERT INTO BreedName (breed_name, species_name) VALUES ('Cane Corso','Dog');
INSERT INTO BreedName (breed_name, species_name) VALUES ('Cardigan Welsh Corgi','Dog');
INSERT INTO BreedName (breed_name, species_name) VALUES ('Catahoula Leopard Dog','Dog');
INSERT INTO BreedName (breed_name, species_name) VALUES ('Caucasian Ovcharka','Dog');
INSERT INTO BreedName (breed_name, species_name) VALUES ('Cavalier King Charles Spaniel','Dog');
INSERT INTO BreedName (breed_name, species_name) VALUES ('Cavapom','Dog');
INSERT INTO BreedName (breed_name, species_name) VALUES ('Cavapoo','Dog');
INSERT INTO BreedName (breed_name, species_name) VALUES ('Cesky Terrier','Dog');
INSERT INTO BreedName (breed_name, species_name) VALUES ('Chart Polski','Dog');
INSERT INTO BreedName (breed_name, species_name) VALUES ('Chesapeake Bay Retriever','Dog');
INSERT INTO BreedName (breed_name, species_name) VALUES ('Chihuahua','Dog');
INSERT INTO BreedName (breed_name, species_name) VALUES ('Chinese Crested','Dog');
INSERT INTO BreedName (breed_name, species_name) VALUES ('Chinese Shar-Pei','Dog');
INSERT INTO BreedName (breed_name, species_name) VALUES ('Chinook','Dog');
INSERT INTO BreedName (breed_name, species_name) VALUES ('Chow Chow','Dog');
INSERT INTO BreedName (breed_name, species_name) VALUES ('Chug','Dog');
INSERT INTO BreedName (breed_name, species_name) VALUES ('Cirneco dell''Etna','Dog');
INSERT INTO BreedName (breed_name, species_name) VALUES ('Clumber Spaniel','Dog');
INSERT INTO BreedName (breed_name, species_name) VALUES ('Cockapoo','Dog');
INSERT INTO BreedName (breed_name, species_name) VALUES ('Cocker Spaniel','Dog');
INSERT INTO BreedName (breed_name, species_name) VALUES ('Collie','Dog');
INSERT INTO BreedName (breed_name, species_name) VALUES ('Coton de Tulear','Dog');
INSERT INTO BreedName (breed_name, species_name) VALUES ('Curly-Coated Retriever','Dog');
INSERT INTO BreedName (breed_name, species_name) VALUES ('Dachshund','Dog');
INSERT INTO BreedName (breed_name, species_name) VALUES ('Dalmatian','Dog');
INSERT INTO BreedName (breed_name, species_name) VALUES ('Dandie Dinmont Terrier','Dog');
INSERT INTO BreedName (breed_name, species_name) VALUES ('Doberman Pinscher','Dog');
INSERT INTO BreedName (breed_name, species_name) VALUES ('Dogo Argentino','Dog');
INSERT INTO BreedName (breed_name, species_name) VALUES ('Dogue de Bordeaux','Dog');
INSERT INTO BreedName (breed_name, species_name) VALUES ('Doxiepoo','Dog');
INSERT INTO BreedName (breed_name, species_name) VALUES ('English Cocker Spaniel','Dog');
INSERT INTO BreedName (breed_name, species_name) VALUES ('English Foxhound','Dog');
INSERT INTO BreedName (breed_name, species_name) VALUES ('English Setter','Dog');
INSERT INTO BreedName (breed_name, species_name) VALUES ('English Springer Spaniel','Dog');
INSERT INTO BreedName (breed_name, species_name) VALUES ('English Toy Spaniel','Dog');
INSERT INTO BreedName (breed_name, species_name) VALUES ('Entlebucher Mountain Dog','Dog');
INSERT INTO BreedName (breed_name, species_name) VALUES ('Eurasier','Dog');
INSERT INTO BreedName (breed_name, species_name) VALUES ('Field Spaniel','Dog');
INSERT INTO BreedName (breed_name, species_name) VALUES ('Fila Brasileiro','Dog');
INSERT INTO BreedName (breed_name, species_name) VALUES ('Finnish Lapphund','Dog');
INSERT INTO BreedName (breed_name, species_name) VALUES ('Finnish Spitz','Dog');
INSERT INTO BreedName (breed_name, species_name) VALUES ('Flat-Coated Retriever','Dog');
INSERT INTO BreedName (breed_name, species_name) VALUES ('Fox Terrier','Dog');
INSERT INTO BreedName (breed_name, species_name) VALUES ('French Bulldog','Dog');
INSERT INTO BreedName (breed_name, species_name) VALUES ('German Pinscher','Dog');
INSERT INTO BreedName (breed_name, species_name) VALUES ('German Shepherd Dog','Dog');
INSERT INTO BreedName (breed_name, species_name) VALUES ('German Shorthaired Pointer','Dog');
INSERT INTO BreedName (breed_name, species_name) VALUES ('German Spitz','Dog');
INSERT INTO BreedName (breed_name, species_name) VALUES ('German Wirehaired Pointer','Dog');
INSERT INTO BreedName (breed_name, species_name) VALUES ('Giant Schnauzer','Dog');
INSERT INTO BreedName (breed_name, species_name) VALUES ('Glen of Imaal Terrier','Dog');
INSERT INTO BreedName (breed_name, species_name) VALUES ('Golden Retriever','Dog');
INSERT INTO BreedName (breed_name, species_name) VALUES ('Goldendoodle','Dog');
INSERT INTO BreedName (breed_name, species_name) VALUES ('Gordon Setter','Dog');
INSERT INTO BreedName (breed_name, species_name) VALUES ('Great Dane','Dog');
INSERT INTO BreedName (breed_name, species_name) VALUES ('Great Pyrenees','Dog');
INSERT INTO BreedName (breed_name, species_name) VALUES ('Greater Swiss Mountain Dog','Dog');
INSERT INTO BreedName (breed_name, species_name) VALUES ('Greyhound','Dog');
INSERT INTO BreedName (breed_name, species_name) VALUES ('Harrier','Dog');
INSERT INTO BreedName (breed_name, species_name) VALUES ('Havanese','Dog');
INSERT INTO BreedName (breed_name, species_name) VALUES ('Ibizan Hound','Dog');
INSERT INTO BreedName (breed_name, species_name) VALUES ('Icelandic Sheepdog','Dog');
INSERT INTO BreedName (breed_name, species_name) VALUES ('Irish Red and White Setter','Dog');
INSERT INTO BreedName (breed_name, species_name) VALUES ('Irish Setter','Dog');
INSERT INTO BreedName (breed_name, species_name) VALUES ('Irish Terrier','Dog');
INSERT INTO BreedName (breed_name, species_name) VALUES ('Irish Water Spaniel','Dog');
INSERT INTO BreedName (breed_name, species_name) VALUES ('Irish Wolfhound','Dog');
INSERT INTO BreedName (breed_name, species_name) VALUES ('Italian Greyhound','Dog');
INSERT INTO BreedName (breed_name, species_name) VALUES ('Jack Russell Terrier','Dog');
INSERT INTO BreedName (breed_name, species_name) VALUES ('Japanese Chin','Dog');
INSERT INTO BreedName (breed_name, species_name) VALUES ('Keeshond','Dog');
INSERT INTO BreedName (breed_name, species_name) VALUES ('Kerry Blue Terrier','Dog');
INSERT INTO BreedName (breed_name, species_name) VALUES ('Komondor','Dog');
INSERT INTO BreedName (breed_name, species_name) VALUES ('Kooikerhondje','Dog');
INSERT INTO BreedName (breed_name, species_name) VALUES ('Kromfohrlander','Dog');
INSERT INTO BreedName (breed_name, species_name) VALUES ('Kuvasz','Dog');
INSERT INTO BreedName (breed_name, species_name) VALUES ('Labradoodle','Dog');
INSERT INTO BreedName (breed_name, species_name) VALUES ('Labrador Retriever','Dog');
INSERT INTO BreedName (breed_name, species_name) VALUES ('Lacy Dog','Dog');
INSERT INTO BreedName (breed_name, species_name) VALUES ('Lagotto Romagnolo','Dog');
INSERT INTO BreedName (breed_name, species_name) VALUES ('Lakeland Terrier','Dog');
INSERT INTO BreedName (breed_name, species_name) VALUES ('Large Munsterlander','Dog');
INSERT INTO BreedName (breed_name, species_name) VALUES ('Leonberger','Dog');
INSERT INTO BreedName (breed_name, species_name) VALUES ('Lhasa Apso','Dog');
INSERT INTO BreedName (breed_name, species_name) VALUES ('Lhasapoo','Dog');
INSERT INTO BreedName (breed_name, species_name) VALUES ('Longdog','Dog');
INSERT INTO BreedName (breed_name, species_name) VALUES ('Lowchen','Dog');
INSERT INTO BreedName (breed_name, species_name) VALUES ('Lurcher','Dog');
INSERT INTO BreedName (breed_name, species_name) VALUES ('Maltese','Dog');
INSERT INTO BreedName (breed_name, species_name) VALUES ('Maltipoo','Dog');
INSERT INTO BreedName (breed_name, species_name) VALUES ('Manchester Terrier','Dog');
INSERT INTO BreedName (breed_name, species_name) VALUES ('Mastiff','Dog');
INSERT INTO BreedName (breed_name, species_name) VALUES ('Miniature American Shepherd','Dog');
INSERT INTO BreedName (breed_name, species_name) VALUES ('Miniature Bull Terrier','Dog');
INSERT INTO BreedName (breed_name, species_name) VALUES ('Miniature Pinscher','Dog');
INSERT INTO BreedName (breed_name, species_name) VALUES ('Miniature Schnauzer','Dog');
INSERT INTO BreedName (breed_name, species_name) VALUES ('Mixed','Dog');
INSERT INTO BreedName (breed_name, species_name) VALUES ('Mudi','Dog');
INSERT INTO BreedName (breed_name, species_name) VALUES ('Neapolitan Mastiff','Dog');
INSERT INTO BreedName (breed_name, species_name) VALUES ('Newfoundland','Dog');
INSERT INTO BreedName (breed_name, species_name) VALUES ('Norfolk Terrier','Dog');
INSERT INTO BreedName (breed_name, species_name) VALUES ('Norwegian Buhund','Dog');
INSERT INTO BreedName (breed_name, species_name) VALUES ('Norwegian Elkhound','Dog');
INSERT INTO BreedName (breed_name, species_name) VALUES ('Norwegian Lundehund','Dog');
INSERT INTO BreedName (breed_name, species_name) VALUES ('Norwich Terrier','Dog');
INSERT INTO BreedName (breed_name, species_name) VALUES ('Nova Scotia Duck Tolling Retriever','Dog');
INSERT INTO BreedName (breed_name, species_name) VALUES ('Old English Sheepdog','Dog');
INSERT INTO BreedName (breed_name, species_name) VALUES ('Otterhound','Dog');
INSERT INTO BreedName (breed_name, species_name) VALUES ('Papillon','Dog');
INSERT INTO BreedName (breed_name, species_name) VALUES ('Pekeapoo','Dog');
INSERT INTO BreedName (breed_name, species_name) VALUES ('Pekingese','Dog');
INSERT INTO BreedName (breed_name, species_name) VALUES ('Pembroke Welsh Corgi','Dog');
INSERT INTO BreedName (breed_name, species_name) VALUES ('Perro de Presa Canario','Dog');
INSERT INTO BreedName (breed_name, species_name) VALUES ('Peruvian Inca Orchid','Dog');
INSERT INTO BreedName (breed_name, species_name) VALUES ('Petit Basset Griffon Vendeen','Dog');
INSERT INTO BreedName (breed_name, species_name) VALUES ('Pharaoh Hound','Dog');
INSERT INTO BreedName (breed_name, species_name) VALUES ('Plott','Dog');
INSERT INTO BreedName (breed_name, species_name) VALUES ('Pointer','Dog');
INSERT INTO BreedName (breed_name, species_name) VALUES ('Polish Lowland Sheepdog','Dog');
INSERT INTO BreedName (breed_name, species_name) VALUES ('Pomapoo','Dog');
INSERT INTO BreedName (breed_name, species_name) VALUES ('Pomeranian','Dog');
INSERT INTO BreedName (breed_name, species_name) VALUES ('Pomsky','Dog');
INSERT INTO BreedName (breed_name, species_name) VALUES ('Poodle','Dog');
INSERT INTO BreedName (breed_name, species_name) VALUES ('Portuguese Podengo','Dog');
INSERT INTO BreedName (breed_name, species_name) VALUES ('Portuguese Water Dog','Dog');
INSERT INTO BreedName (breed_name, species_name) VALUES ('Pug','Dog');
INSERT INTO BreedName (breed_name, species_name) VALUES ('Pugapoo','Dog');
INSERT INTO BreedName (breed_name, species_name) VALUES ('Puggle','Dog');
INSERT INTO BreedName (breed_name, species_name) VALUES ('Puli','Dog');
INSERT INTO BreedName (breed_name, species_name) VALUES ('Pumi','Dog');
INSERT INTO BreedName (breed_name, species_name) VALUES ('Pyrenean Shepherd','Dog');
INSERT INTO BreedName (breed_name, species_name) VALUES ('Rat Terrier','Dog');
INSERT INTO BreedName (breed_name, species_name) VALUES ('Redbone Coonhound','Dog');
INSERT INTO BreedName (breed_name, species_name) VALUES ('Rhodesian Ridgeback','Dog');
INSERT INTO BreedName (breed_name, species_name) VALUES ('Rottweiler','Dog');
INSERT INTO BreedName (breed_name, species_name) VALUES ('Russian Toy','Dog');
INSERT INTO BreedName (breed_name, species_name) VALUES ('Saint Bernard','Dog');
INSERT INTO BreedName (breed_name, species_name) VALUES ('Saluki','Dog');
INSERT INTO BreedName (breed_name, species_name) VALUES ('Samoyed','Dog');
INSERT INTO BreedName (breed_name, species_name) VALUES ('Schapendoes','Dog');
INSERT INTO BreedName (breed_name, species_name) VALUES ('Schipperke','Dog');
INSERT INTO BreedName (breed_name, species_name) VALUES ('Schnoodle','Dog');
INSERT INTO BreedName (breed_name, species_name) VALUES ('Scottish Deerhound','Dog');
INSERT INTO BreedName (breed_name, species_name) VALUES ('Scottish Terrier','Dog');
INSERT INTO BreedName (breed_name, species_name) VALUES ('Sealyham Terrier','Dog');
INSERT INTO BreedName (breed_name, species_name) VALUES ('Shetland Sheepdog','Dog');
INSERT INTO BreedName (breed_name, species_name) VALUES ('Shiba Inu','Dog');
INSERT INTO BreedName (breed_name, species_name) VALUES ('Shih Tzu','Dog');
INSERT INTO BreedName (breed_name, species_name) VALUES ('Shihpoo','Dog');
INSERT INTO BreedName (breed_name, species_name) VALUES ('Siberian Husky','Dog');
INSERT INTO BreedName (breed_name, species_name) VALUES ('Silken Windhound','Dog');
INSERT INTO BreedName (breed_name, species_name) VALUES ('Silky Terrier','Dog');
INSERT INTO BreedName (breed_name, species_name) VALUES ('Skye Terrier','Dog');
INSERT INTO BreedName (breed_name, species_name) VALUES ('Sloughi','Dog');
INSERT INTO BreedName (breed_name, species_name) VALUES ('Small Munsterlander Pointer','Dog');
INSERT INTO BreedName (breed_name, species_name) VALUES ('Soft Coated Wheaten Terrier','Dog');
INSERT INTO BreedName (breed_name, species_name) VALUES ('Spanish Greyhound','Dog');
INSERT INTO BreedName (breed_name, species_name) VALUES ('Spanish Water Dog','Dog');
INSERT INTO BreedName (breed_name, species_name) VALUES ('Spinone Italiano','Dog');
INSERT INTO BreedName (breed_name, species_name) VALUES ('Sprollie','Dog');
INSERT INTO BreedName (breed_name, species_name) VALUES ('Staffordshire Bull Terrier','Dog');
INSERT INTO BreedName (breed_name, species_name) VALUES ('Standard Schnauzer','Dog');
INSERT INTO BreedName (breed_name, species_name) VALUES ('Sussex Spaniel','Dog');
INSERT INTO BreedName (breed_name, species_name) VALUES ('Swedish Lapphund','Dog');
INSERT INTO BreedName (breed_name, species_name) VALUES ('Swedish Vallhund','Dog');
INSERT INTO BreedName (breed_name, species_name) VALUES ('Thai Ridgeback','Dog');
INSERT INTO BreedName (breed_name, species_name) VALUES ('Tibetan Mastiff','Dog');
INSERT INTO BreedName (breed_name, species_name) VALUES ('Tibetan Spaniel','Dog');
INSERT INTO BreedName (breed_name, species_name) VALUES ('Tibetan Terrier','Dog');
INSERT INTO BreedName (breed_name, species_name) VALUES ('Tosa Ken','Dog');
INSERT INTO BreedName (breed_name, species_name) VALUES ('Toy Fox Terrier','Dog');
INSERT INTO BreedName (breed_name, species_name) VALUES ('Toy Poodle','Dog');
INSERT INTO BreedName (breed_name, species_name) VALUES ('Treeing Walker Coonhound','Dog');
INSERT INTO BreedName (breed_name, species_name) VALUES ('Unknown','Dog');
INSERT INTO BreedName (breed_name, species_name) VALUES ('Vizsla','Dog');
INSERT INTO BreedName (breed_name, species_name) VALUES ('Volpino Italiano','Dog');
INSERT INTO BreedName (breed_name, species_name) VALUES ('Weimaraner','Dog');
INSERT INTO BreedName (breed_name, species_name) VALUES ('Welsh Springer Spaniel','Dog');
INSERT INTO BreedName (breed_name, species_name) VALUES ('Welsh Terrier','Dog');
INSERT INTO BreedName (breed_name, species_name) VALUES ('West Highland White Terrier','Dog');
INSERT INTO BreedName (breed_name, species_name) VALUES ('Whippet','Dog');
INSERT INTO BreedName (breed_name, species_name) VALUES ('Wirehaired Pointing Griffon','Dog');
INSERT INTO BreedName (breed_name, species_name) VALUES ('Wirehaired Vizsla','Dog');
INSERT INTO BreedName (breed_name, species_name) VALUES ('Xoloitzcuintli','Dog');
INSERT INTO BreedName (breed_name, species_name) VALUES ('Yorkipoo','Dog');
INSERT INTO BreedName (breed_name, species_name) VALUES ('Yorkshire Terrier','Dog');


    
INSERT INTO VaccinationRequired (species_name, vaccine_name, required) VALUES ('Cat', 'Bordetella', False);
INSERT INTO VaccinationRequired (species_name, vaccine_name, required) VALUES ('Cat', 'Feline Calicivirus', True);
INSERT INTO VaccinationRequired (species_name, vaccine_name, required) VALUES ('Cat', 'Feline Chlamydia', False);
INSERT INTO VaccinationRequired (species_name, vaccine_name, required) VALUES ('Cat', 'Feline Herpes', True);
INSERT INTO VaccinationRequired (species_name, vaccine_name, required) VALUES ('Cat', 'Feline Immunodeficiency', False);
INSERT INTO VaccinationRequired (species_name, vaccine_name, required) VALUES ('Cat', 'Feline Leukemia' , True);
INSERT INTO VaccinationRequired (species_name, vaccine_name, required) VALUES ('Cat', 'Feline Panleukopenia', True);
INSERT INTO VaccinationRequired (species_name, vaccine_name, required) VALUES ('Cat', 'Rabies', True);

INSERT INTO VaccinationRequired (species_name, vaccine_name, required) VALUES ('Dog', 'Bordetella' , False);
INSERT INTO VaccinationRequired (species_name, vaccine_name, required) VALUES ('Dog', 'Canine Adenovirus-2' , True);
INSERT INTO VaccinationRequired (species_name, vaccine_name, required) VALUES ('Dog', 'Canine Influenza' , False);
INSERT INTO VaccinationRequired (species_name, vaccine_name, required) VALUES ('Dog', 'Coronavirus' , False);
INSERT INTO VaccinationRequired (species_name, vaccine_name, required) VALUES ('Dog', 'Distemper' , True);
INSERT INTO VaccinationRequired (species_name, vaccine_name, required) VALUES ('Dog', 'Leptospirosis' , True);
INSERT INTO VaccinationRequired (species_name, vaccine_name, required) VALUES ('Dog', 'Lyme Disease' , False);
INSERT INTO VaccinationRequired (species_name, vaccine_name, required) VALUES ('Dog', 'Parainfluenza' , False);
INSERT INTO VaccinationRequired (species_name, vaccine_name, required) VALUES ('Dog', 'Parvovirus' , True);
INSERT INTO VaccinationRequired (species_name, vaccine_name, required) VALUES ('Dog', 'Rabies' , True);